"id","tax_group_id","name","name@ru_RU","description","description@ru_RU","invoice_label","invoice_label@ru_RU","type_tax_use","amount","amount_type","sequence","price_include_override","active","repartition_line_ids/repartition_type","repartition_line_ids/document_type","repartition_line_ids/account_id"
"purchase_vat_0","tax_group_vat_0","VAT 0%","НДС 0%","","","VAT 0%","НДС 0%","purchase","0.0","percent","","tax_excluded","True","base","invoice",""
"","","","","","","","","","","","","","","tax","invoice","ru_acc_19_04"
"","","","","","","","","","","","","","","base","refund",""
"","","","","","","","","","","","","","","tax","refund","ru_acc_19_04"
"sale_vat_0","tax_group_vat_0","VAT 0%","НДС 0%","","","VAT 0%","НДС 0%","sale","0.0","percent","","tax_included","True","base","invoice",""
"","","","","","","","","","","","","","","tax","invoice","ru_acc_68_02"
"","","","","","","","","","","","","","","base","refund",""
"","","","","","","","","","","","","","","tax","refund","ru_acc_68_02"
"purchase_vat_5","tax_group_vat_5","VAT 5% (STS)","НДС 5% (УСН)","","","VAT 5% (STS)","НДС 5% (УСН)","purchase","5.0","percent","","tax_excluded","False","base","invoice",""
"","","","","","","","","","","","","","","tax","invoice","ru_acc_19_04"
"","","","","","","","","","","","","","","base","refund",""
"","","","","","","","","","","","","","","tax","refund","ru_acc_19_04"
"sale_vat_5","tax_group_vat_5","VAT 5% (STS)","НДС 5% (УСН)","","","VAT 5% (STS)","НДС 5% (УСН)","sale","5.0","percent","","tax_included","False","base","invoice",""
"","","","","","","","","","","","","","","tax","invoice","ru_acc_68_02"
"","","","","","","","","","","","","","","base","refund",""
"","","","","","","","","","","","","","","tax","refund","ru_acc_68_02"
"purchase_vat_7","tax_group_vat_7","VAT 7% (STS)","НДС 7% (УСН)","","","VAT 7% (STS)","НДС 7% (УСН)","purchase","7.0","percent","","tax_excluded","False","base","invoice",""
"","","","","","","","","","","","","","","tax","invoice","ru_acc_19_04"
"","","","","","","","","","","","","","","base","refund",""
"","","","","","","","","","","","","","","tax","refund","ru_acc_19_04"
"sale_vat_7","tax_group_vat_7","VAT 7% (STS)","НДС 7% (УСН)","","","VAT 7% (STS)","НДС 7% (УСН)","sale","7.0","percent","","tax_included","False","base","invoice",""
"","","","","","","","","","","","","","","tax","invoice","ru_acc_68_02"
"","","","","","","","","","","","","","","base","refund",""
"","","","","","","","","","","","","","","tax","refund","ru_acc_68_02"
"purchase_vat_10","tax_group_vat_10","VAT 10%","НДС 10%","","","VAT 10%","НДС 10%","purchase","10.0","percent","","tax_excluded","True","base","invoice",""
"","","","","","","","","","","","","","","tax","invoice","ru_acc_19_04"
"","","","","","","","","","","","","","","base","refund",""
"","","","","","","","","","","","","","","tax","refund","ru_acc_19_04"
"sale_vat_10","tax_group_vat_10","VAT 10%","НДС 10%","","","VAT 10%","НДС 10%","sale","10.0","percent","","tax_included","True","base","invoice",""
"","","","","","","","","","","","","","","tax","invoice","ru_acc_68_02"
"","","","","","","","","","","","","","","base","refund",""
"","","","","","","","","","","","","","","tax","refund","ru_acc_68_02"
"purchase_vat_20","tax_group_vat_20","VAT 20%","НДС 20%","","","VAT 20%","НДС 20%","purchase","20.0","percent","","tax_excluded","False","base","invoice",""
"","","","","","","","","","","","","","","tax","invoice","ru_acc_19_04"
"","","","","","","","","","","","","","","base","refund",""
"","","","","","","","","","","","","","","tax","refund","ru_acc_19_04"
"sale_vat_20","tax_group_vat_20","VAT 20%","НДС 20%","","","VAT 20%","НДС 20%","sale","20.0","percent","","tax_included","False","base","invoice",""
"","","","","","","","","","","","","","","tax","invoice","ru_acc_68_02"
"","","","","","","","","","","","","","","base","refund",""
"","","","","","","","","","","","","","","tax","refund","ru_acc_68_02"
"purchase_vat_22","tax_group_vat_22","VAT 22%","НДС 22%","","","VAT 22%","НДС 22%","purchase","22.0","percent","","tax_excluded","True","base","invoice",""
"","","","","","","","","","","","","","","tax","invoice","ru_acc_19_04"
"","","","","","","","","","","","","","","base","refund",""
"","","","","","","","","","","","","","","tax","refund","ru_acc_19_04"
"sale_vat_22","tax_group_vat_22","VAT 22%","НДС 22%","","","VAT 22%","НДС 22%","sale","22.0","percent","","tax_included","True","base","invoice",""
"","","","","","","","","","","","","","","tax","invoice","ru_acc_68_02"
"","","","","","","","","","","","","","","base","refund",""
"","","","","","","","","","","","","","","tax","refund","ru_acc_68_02"
"purchase_vat_exempt","tax_group_vat_exempt","Without VAT","Без НДС","","","Without VAT","Без НДС","purchase","0.0","percent","","tax_excluded","True","base","invoice",""
"","","","","","","","","","","","","","","tax","invoice",""
"","","","","","","","","","","","","","","base","refund",""
"","","","","","","","","","","","","","","tax","refund",""
"sale_vat_exempt","tax_group_vat_exempt","Without VAT","Без НДС","","","Without VAT","Без НДС","sale","0.0","percent","","tax_included","True","base","invoice",""
"","","","","","","","","","","","","","","tax","invoice",""
"","","","","","","","","","","","","","","base","refund",""
"","","","","","","","","","","","","","","tax","refund",""
